keyword_text,match_type
painful achilles and heel,PHRASE
dikivis steed,PHRASE
achilles tendon heating pad,PHRASE
achilodyn,PHRASE
tendonosis achilles treatment,PHRASE
what happens when you snap your achilles tendon,PHRASE
tens achilles,PHRASE
just got my ligament cut original,PHRASE
relax achilles tendon,PHRASE
infiltracion del tendon de aquiles,PHRASE
achilit,PHRASE
achilles healing process,PHRASE
como se mira un esguince de tobillo,PHRASE
tingling in achilles tendon,PHRASE
how to tell if you have torn your achilles,PHRASE
short achilles tendon squat,PHRASE
mwm dorsiflexion,PHRASE
speed up achilles tendon healing,PHRASE
achilles full tear,PHRASE
living with heel spurs,PHRASE
the thompson test for the achilles tendon,PHRASE
aircast walking boot alternative,PHRASE
terapia despues de cirugia de tendon de aquiles,PHRASE
how do you know if your achilles is torn,PHRASE
what are night splints used for,PHRASE
why are there more achilles injuries,PHRASE
talus posterior glide,PHRASE
why are so many nba players tearing achilles,PHRASE
ss achilles,PHRASE
orteza achilles walker,PHRASE
coaptation splint application,PHRASE
amazon air boot,PHRASE
tendinite tendon d achille exercices,PHRASE
achilles heel exercise,PHRASE
how to build up your calves,PHRASE
rehabilitacion de esguince de tobillo grado 1,PHRASE
institute of human anatomy achilles,PHRASE
football medical equipment,PHRASE
if you tear your achilles tendon can you walk,PHRASE
rompimiento del tendon de aquiles,PHRASE
ejercicios para recuperacion de tendon de aquiles,PHRASE
como se cura un espolon de talon,PHRASE
achilles heart,PHRASE
resting equinus,PHRASE
how to train achilles,PHRASE
excentricos tendon aquiles,PHRASE
how do i fix my achilles tendon,PHRASE
como bajar lo inflamado del tobillo,PHRASE
cupping achilles,PHRASE
achilles bundle,PHRASE
plate dorsiflexion,PHRASE
archills,PHRASE
is my achilles tendon torn,PHRASE
estiramientos para el talon de aquiles,PHRASE
popping achilles,PHRASE
achilles graston technique,PHRASE
cam boot walking,PHRASE
what happens if you snap your achilles tendon,PHRASE
taping your achilles tendon,PHRASE
krackow stitch achilles,PHRASE
medspec phantom,PHRASE
achilles workouts,PHRASE
remedio para tobillo inflamado,PHRASE
my right achilles tendon hurts,PHRASE
remedio para talon de aquiles,PHRASE
adjustable splints,PHRASE
varus heel deformity,PHRASE
achilles injuries nba,PHRASE
dame tore achilles,PHRASE
what does tearing your achilles feel like,PHRASE
achilles torn test,PHRASE
disability for heel spurs,PHRASE
heel on achilles,PHRASE
z plasty achilles tendon,PHRASE
como aliviar el dolor en el talon de aquiles,PHRASE
two long leg casts,PHRASE
tight achilles and calves,PHRASE
breaking your achilles tendon,PHRASE
tibial nail recovery,PHRASE
ferula para tibia precio,PHRASE
strengthen your achilles tendon,PHRASE
tens talon de aquiles,PHRASE
how do you snap your achilles,PHRASE
bbg achilles,PHRASE
dolor arriba del talon de aquiles,PHRASE
boyka leg recovery,PHRASE
loaded dorsiflexion,PHRASE
achilles tendon mobilization,PHRASE
partial weight bearing with boot,PHRASE
achilles arc sign,PHRASE
how an achilles tendon ruptures,PHRASE
heel bedsore treatment,PHRASE
wearing a night splint,PHRASE
como sobar el empeine del pie,PHRASE
tethered tendon,PHRASE
como regenerar un tendon roto,PHRASE
how long is achilles recovery,PHRASE
luxofractura de tobillo rehabilitacion,PHRASE
tunel tarsiano ejercicios,PHRASE
medicina para el dolor de talones,PHRASE
stage 3 pttd,PHRASE
heel lifts superdrug,PHRASE
equinus correction,PHRASE
night splint pillow,PHRASE
como acomodar tobillo dislocado,PHRASE
que hacer si se me torcio el pie,PHRASE
retrocalcaneal heel bursitis,PHRASE
cam boot weight bearing,PHRASE
how does it feel when you tear your achilles,PHRASE
como proteger el talon de aquiles,PHRASE
does tearing your achilles hurt,PHRASE
walking with toes pointed up,PHRASE
cuando te lastimas el pie,PHRASE
kafo night splint,PHRASE
kobe achilles,PHRASE
my splint,PHRASE
durant achilles,PHRASE
como dormir con la bota walker,PHRASE
my achilles tendon hurts when i wake up,PHRASE
to kill achilles,PHRASE
casts for legs,PHRASE
tobillera para pie caido,PHRASE
nite splint,PHRASE
calf workout at home,PHRASE
masajes para el tobillo,PHRASE
achilles torn recovery,PHRASE
can a severed achilles tendon be repaired,PHRASE
how do you know if you tore your achilles tendon,PHRASE
how long does a achilles tendon take to heal,PHRASE
how long does it take to heal a achilles tendon,PHRASE
how to tear achilles tendon,PHRASE
rehband achilles,PHRASE
walking orthopedic boot,PHRASE
donde sale el espolon,PHRASE
achilles trainer,PHRASE
taloneras para tendon de aquiles,PHRASE
walking boot leveler,PHRASE
achilles p,PHRASE
desgarro tendon de aquiles,PHRASE
dolor en el tendon del pie,PHRASE
ejercicios para talon de aquiles,PHRASE
como fortalecer el tendon de aquiles,PHRASE
como quitar el dolor de un espolon en el talon,PHRASE
gastrocnemius tendon tear,PHRASE
strassburg sock or night splint,PHRASE
plantaris muscle strain,PHRASE
fortalecer tendon de aquiles,PHRASE
achilles tight,PHRASE
achilles tendon warm up,PHRASE
azmed night splint,PHRASE
aibast,PHRASE
braces for supination,PHRASE
orthopedic football cleats,PHRASE
aliviar dolor talon de aquiles,PHRASE
achilles bruise,PHRASE
full leg braces for walking,PHRASE
ortholove,PHRASE
cam boot vs walking boot,PHRASE
cam boot ortho,PHRASE
united ortho short air cam walker fracture boot large black,PHRASE
malleo dynastab vario,PHRASE
feet while sleeping,PHRASE
oped vacotalus,PHRASE
pronation heel wedges,PHRASE
how long does it take for a tendon to heal,PHRASE
nightsock,PHRASE
como curar un tobillo torcido,PHRASE
pise mal y me duele el tobillo,PHRASE
aircast plus,PHRASE
boot for torn ligament,PHRASE
cryotherapy achilles tendon,PHRASE
duck feet correction,PHRASE
rise achilles,PHRASE
orthosis leg,PHRASE
evenup shoe raise,PHRASE
speed up healing of broken fibula,PHRASE
what does a splint look like,PHRASE
achilles tendon insert,PHRASE
ejercicios tendon de aquiles,PHRASE
achilles speed bridge,PHRASE
shoportho,PHRASE
dolor de tendones del pie,PHRASE
terapia para pie con esguince,PHRASE
cupping under the feet,PHRASE
l1930 night splint,PHRASE
how to help tendons heal faster,PHRASE
signs of a strained achilles,PHRASE
icarus medical,PHRASE
como tratar tendon de aquiles,PHRASE
lesion de tendon de aquiles,PHRASE
healing the achilles tendon,PHRASE
achilles slight tear,PHRASE
jones fracture walking boot,PHRASE
achilles gout,PHRASE
how do i heal my achilles tendon,PHRASE
traction splint emt,PHRASE
achillesbandage,PHRASE
boot sleep,PHRASE
leg seal,PHRASE
toe ties goalie pads,PHRASE
nremt traction splint,PHRASE
night splints near me,PHRASE
achilles stretcher board,PHRASE
anti inflammatory for achilles tendon,PHRASE
ace bandage achilles tendon,PHRASE
ferula de yeso tobillo,PHRASE
achilles heel bump,PHRASE
schlossberg sock,PHRASE
achilles tool,PHRASE
achilles nodule treatment,PHRASE
achilles tendon nodule treatment,PHRASE
achilles tendon partial rupture treatment,PHRASE
achilles treatment for runners,PHRASE
treatment for swollen achilles,PHRASE
ortesis posterior pasiva tibial,PHRASE
how to cure sore achilles tendon,PHRASE
pfs night splint,PHRASE
achilles tendon pt,PHRASE
feet flex,PHRASE
dorsal heel spur treatment,PHRASE
achilles tendon cyst,PHRASE
taycobrace,PHRASE
djo aircast boot,PHRASE
lieky na zapal achilovky,PHRASE
the sock com,PHRASE
achikes,PHRASE
bauerfeind achilles bandage,PHRASE
terapia para el tobillo,PHRASE
where can i purchase a walking boot,PHRASE
fracture boot argos,PHRASE
vacoped short,PHRASE
heelpro,PHRASE
achilles tendon strengthening,PHRASE
achilles night vision,PHRASE
achillessehne brennt,PHRASE
achilles hurts when running,PHRASE
front calf,PHRASE
plantarflexion and dorsiflexion,PHRASE
acelis heel,PHRASE
como vendar el talon de aquiles,PHRASE
ortho cam,PHRASE
rehabilitation achilles tendon,PHRASE
fractures and splinting,PHRASE
lumpy achilles tendon,PHRASE
achilles timeline,PHRASE
sesamoid boot,PHRASE
jayson tatum achilles recovery,PHRASE
lesion en tendon de aquiles,PHRASE
posterior tibial splint,PHRASE
taping sesamoiditis,PHRASE
how to treat baxter's nerve entrapment,PHRASE
dolor en la parte baja del tobillo,PHRASE
treatment for weak ankles,PHRASE
achilles kinesio taping,PHRASE
vacopedes boot,PHRASE
esercizi tendine d achille,PHRASE
vacboot,PHRASE
leg and calf workout at home,PHRASE
como sobar el talon de aquiles,PHRASE
aircast airselect walker boot,PHRASE
walking after calcaneus fracture,PHRASE
achilles tendon training,PHRASE
thermoplastic night splints,PHRASE
achilles warm up for running,PHRASE
achilles tightness treatment,PHRASE
ejercicio para talon de aquiles,PHRASE
toploader achilles heel,PHRASE
afo alternatives,PHRASE
quad tendon rupture recovery,PHRASE
achilles tendon taping for running,PHRASE
how to treat an injured achilles tendon,PHRASE
low heel recovery,PHRASE
rehabilitacion post cirugia de tendon de aquiles,PHRASE
how to put on a cam boot,PHRASE
night time splints,PHRASE
protect achilles tendon,PHRASE
ultrasound of the achilles tendon,PHRASE
how to treat a damaged achilles tendon,PHRASE
ortho glass splint,PHRASE
como quitar espolon,PHRASE
cinta kinesiologica talon de aquiles,PHRASE
lesion en el tendon de aquiles,PHRASE
que es bueno para el dolor del espolon,PHRASE
vendaje neuromuscular talon de aquiles,PHRASE
long aircast boot,PHRASE
where is your achilles located,PHRASE
achilles thompson test,PHRASE
remedio para dolor de talon del pie,PHRASE
rest achilles tendon,PHRASE
fractura de dedo gordo del pie,PHRASE
truvue boot,PHRASE
achilles bump on heel,PHRASE
achilles tendon pump bump,PHRASE
leonard splint,PHRASE
achilles graft,PHRASE
que significa talon de aquiles,PHRASE
ejercicios talon calcaneo,PHRASE
pie caido tratamiento,PHRASE
como desinflamar un tobillo hinchado por torcedura,PHRASE
desinflamar tendon de aquiles,PHRASE
achilles tendon ganglion cyst,PHRASE
copper fit achilles,PHRASE
como mejorar un esguince de tobillo rapido,PHRASE
calf tension release,PHRASE
plantaro,PHRASE
arthrose cheville comment soulager,PHRASE
splint on leg,PHRASE
taping heel bursitis,PHRASE
viscoelastic orthotic devices,PHRASE
achilles kinesiotape,PHRASE
achilles tendon thompson test,PHRASE
achilles product,PHRASE
the better guard,PHRASE
how to get stronger achilles tendon,PHRASE
achilles tendon flexibility,PHRASE
how to know if achilles is torn,PHRASE
prostretch z,PHRASE
achilles scar tissue,PHRASE
tobillos hinchados como desinflamar,PHRASE
derotation boot,PHRASE
achilles football injury,PHRASE
osteo feet,PHRASE
sever's disease treatment kids,PHRASE
como curar una fractura de tobillo,PHRASE
estiramiento del tendon de aquiles,PHRASE
ice achilles tendon,PHRASE
berlin protocol achilles,PHRASE
how to keep feet straight while walking,PHRASE
achilles tendon medicine,PHRASE
stage 2 pttd,PHRASE
achilles heel cover,PHRASE
what to do for sore achilles tendons,PHRASE
heel wedges achilles,PHRASE
how to train ankles,PHRASE
vacoped boot review,PHRASE
aircast actyfoot,PHRASE
field splints,PHRASE
talon de aquiles inflamado tratamiento,PHRASE
back of ankles hurt when walking,PHRASE
multi podus boot amazon,PHRASE
achilles shockwave treatment,PHRASE
bota para pies fracturados,PHRASE
childrens night splints,PHRASE
posterior short leg splint with stirrup,PHRASE
treatment for scar tissue on achilles tendon,PHRASE
achilles tendon snap sound,PHRASE
achilles tendon aircast boot,PHRASE
achilles tendon cut recovery,PHRASE
haglund's deformity achilles,PHRASE
cupping for achilles,PHRASE
achilles tendon biomechanics,PHRASE
how to strengthen ankles and achilles,PHRASE
oped vacocast,PHRASE
kd achilles recovery,PHRASE
how do i know i tore my achilles,PHRASE
how to cure toe walking,PHRASE
how to make your achilles tendon longer,PHRASE
what happens when your achilles tears,PHRASE
ferula de contacto total,PHRASE
ot miri splints,PHRASE
socks for 1 broken bones,PHRASE
donjoy maxtrax walker boot,PHRASE
leg fracture splint,PHRASE
tension in achilles tendon,PHRASE
la mejor manera de caminar,PHRASE
achilles paratendon,PHRASE
express orthopaedic adjustable night splint,PHRASE
achilles tendon clip,PHRASE
how to release tension in achilles tendon,PHRASE
achilles torn nba,PHRASE
masakit ang achilles tendon,PHRASE
how can i strengthen my achilles,PHRASE
full tear of achilles tendon,PHRASE
how to loosen tight achilles,PHRASE
how long does a swollen achilles take to heal,PHRASE
nl toe walker,PHRASE
how do you know if you have torn your achilles,PHRASE
contractura tendon de aquiles,PHRASE
why do i have a lump on my achilles tendon,PHRASE
how to use splint,PHRASE
what to do if you hurt your achilles,PHRASE
achilles turndown,PHRASE
how do you know if your achilles is injured,PHRASE
nitroglycerin patches for achilles,PHRASE
homemade foot splint,PHRASE
rehabilitacion de tendon de aquiles ejercicios,PHRASE
aircast achilles tendon boot,PHRASE
achilles pop recovery,PHRASE
painful achilles tendon after sitting,PHRASE
aches,PHRASE
orthotic,PHRASE
tendons,PHRASE
tendon,PHRASE
leg cast,PHRASE
bone spurs in feet,PHRASE
darco,PHRASE
toe splint,PHRASE
achillessehne schmerzen,PHRASE
heel spur splint,PHRASE
calf stretcher,PHRASE
breaking leg,PHRASE
aircast walker,PHRASE
achilles sock,PHRASE
hallux valgus night splint,PHRASE
achilles tendon supports,PHRASE
dolor de talones,PHRASE
aircast walker boot,PHRASE
espolon calcaneo,PHRASE
aircast air stirrup,PHRASE
afo splint,PHRASE
dolor de tobillo,PHRASE
zapato ortopedico,PHRASE
ottobock,PHRASE
achilles socks,PHRASE
plantaarifaskiitti,PHRASE
how to heal an achilles tendon fast,PHRASE
walking boot inserts,PHRASE
soporte para el arco del pie,PHRASE
tendonitis sock,PHRASE
pediatric night splint,PHRASE
weak ankles,PHRASE
splint emt,PHRASE
rigid walking boot,PHRASE
resting splint,PHRASE
how to build calf muscles,PHRASE
achilles gel,PHRASE
deroyal night splint,PHRASE
freedom splints,PHRASE
why does the bottom of my heel hurt,PHRASE
posterior tibial tendon,PHRASE
thomas splint,PHRASE
prolotherapy achilles tendon,PHRASE
walking boot medical,PHRASE
baker night splint,PHRASE
bfst,PHRASE
orthopedic store,PHRASE
night leg splint,PHRASE
achilles heel stretcher,PHRASE
leg braces for adults,PHRASE
calf splint,PHRASE
orthopedic store near me,PHRASE
walking boot even up,PHRASE
powerstep night sock,PHRASE
becker orthopedic,PHRASE
plantar boot,PHRASE
night splint fasciitis,PHRASE
airform night splint,PHRASE
night splint socks,PHRASE
como curar un esguince de tobillo,PHRASE
the sock,PHRASE
tarsal tunnel syndrome treatment,PHRASE
achilles tendon ice,PHRASE
orthopedic boots for women,PHRASE
where to buy strassburg sock,PHRASE
moon boots medical,PHRASE
bota ortopedica adulto,PHRASE
ossur formfit,PHRASE
aircast heel,PHRASE
walking air boot,PHRASE
equinus,PHRASE
running achilles,PHRASE
orthowedge,PHRASE
air cam walker fracture boot,PHRASE
articulos ortopedicos,PHRASE
where's the achilles tendon,PHRASE
comfy splint,PHRASE
ankle foot splint,PHRASE
braces for toes,PHRASE
achilles health,PHRASE
afos braces,PHRASE
ferula ortopedica,PHRASE
kafo braces,PHRASE
dolor en el pie derecho,PHRASE
achilles fasciitis,PHRASE
kafo orthosis,PHRASE
how to get rid of a heel spur,PHRASE
medical moon boot price,PHRASE
moon boot medical,PHRASE
fibula fracture recovery,PHRASE
posterior long arm splint,PHRASE
retrocalcaneal bursitis,PHRASE
achilles strapping,PHRASE
tendon tear treatment,PHRASE
ferula para pie equino,PHRASE
night splinter,PHRASE
soft splint,PHRASE
sager traction splint,PHRASE
how to correct overpronation,PHRASE
dolor en el tobillo,PHRASE
walking cast,PHRASE
como quitar un espolon,PHRASE
aircast liner,PHRASE
achilles tendon ultrasound,PHRASE
ferulas nocturnas,PHRASE
adjustable night splint,PHRASE
bone spurs in heel treatment,PHRASE
tendon healing process,PHRASE
achilles tendon spur,PHRASE
haglund's deformity home treatment,PHRASE
donjoy uk,PHRASE
achilles tightness,PHRASE
soft afo,PHRASE
powerstep ultrastretch night sock,PHRASE
aircast stirrup splint,PHRASE
pronation and supination,PHRASE
breg walking boot,PHRASE
knot on achilles tendon,PHRASE
picture of achilles tendon,PHRASE
operation tendon achille,PHRASE
achilles partial tear,PHRASE
achilles lump,PHRASE
plantar flexion contracture boot,PHRASE
heel spurs on back of heel,PHRASE
waterproof boot for broken foot,PHRASE
tendinopatia insercional del tendon de aquiles,PHRASE
cam boot with heel lift,PHRASE
how long does it take to heal the achilles tendon,PHRASE
why do basketball players tear achilles,PHRASE
vacoped protocol nhs,PHRASE
como bajar lo hinchado de una torcedura de tobillo,PHRASE
como poner una venda de yeso en el tobillo,PHRASE
what to do for haglund's deformity,PHRASE
dorsum pad vacoped,PHRASE
what to do with tight achilles,PHRASE
vacoboot,PHRASE
how to treat a swollen achilles tendon,PHRASE
dorsiflexion achilles tendon,PHRASE
swollen achilles tendon recovery time,PHRASE
how to make your achilles stop hurting,PHRASE
achilles heel maya,PHRASE
dorsiflexion equipment,PHRASE
aircast for leg,PHRASE
vacoped orthopaedic boot,PHRASE
heel wedge achilles,PHRASE
posterior gutter splint,PHRASE
calcification du tendon d achille,PHRASE
treating sore achilles tendon,PHRASE
air ankle splint,PHRASE
douleur tendon d achille,PHRASE
myofascial release achilles tendon,PHRASE
walking boot for peroneal tendon tear,PHRASE
estiramiento talon de aquiles,PHRASE
how to strengthen achilles tendon for running,PHRASE
la talon d achille,PHRASE
how long does it take to heal a torn tendon,PHRASE
tens for achilles,PHRASE
vacoped shoe,PHRASE
desgarro talon de aquiles,PHRASE
roller for achilles tendon,PHRASE
talon de aquiles corto,PHRASE
tendon d achille blessure,PHRASE
vacoped medium,PHRASE
achilles jump stab,PHRASE
how to not tear your achilles,PHRASE
fractured achilles,PHRASE
curar tendon de aquiles,PHRASE
colocando tobillo en su lugar,PHRASE
how to sleep in a walking boot,PHRASE
how to make achilles tendon stronger,PHRASE
achilles heel home remedy,PHRASE
shin stress fracture boot,PHRASE
next wave achilles,PHRASE
vacocast com,PHRASE
espolon calcaneo como se quita,PHRASE
george kittle achilles recovery,PHRASE
re rupture achilles,PHRASE
posterior and stirrup splint,PHRASE
how to know if i tore my achilles tendon,PHRASE
traction device for leg,PHRASE
l4397 night splint,PHRASE
heat for achilles,PHRASE
how to make your achilles feel better,PHRASE
achilles tendon fascia,PHRASE
achilles tendon growth,PHRASE
wear night splints,PHRASE
vendaje para proteger el tendon de aquiles,PHRASE
steroid injection achilles tendon,PHRASE
treatment for tight tendons,PHRASE
comment soigner une tendinite tendon d achille,PHRASE
shin splint boot,PHRASE
aaron rodgers tears achilles slow motion,PHRASE
what's worse torn acl or achilles,PHRASE
plantar fibromas removal,PHRASE
cleats and calves,PHRASE
how to do thompson test,PHRASE
como acomodar el tobillo dislocado,PHRASE
achilles tendon socks amazon,PHRASE
clicking achilles tendon,PHRASE
como quebrar el espolon calcaneo,PHRASE
wrapping achilles tendon,PHRASE
elesik,PHRASE
my achilles is hurting,PHRASE
splint worn at night,PHRASE
vacocast achilles boot,PHRASE
vendas rigidas para tobillo,PHRASE
achilles eel,PHRASE
release tight achilles tendon,PHRASE
tight and sore achilles,PHRASE
will a small tear in achilles tendon heal,PHRASE
tibial tendon dysfunction treatment,PHRASE
achilles injured,PHRASE
kids achilles,PHRASE
dolor de perone,PHRASE
que es bueno para el dolor del tobillo,PHRASE
posterior night splint amazon,PHRASE
how long does it take an achilles to heal,PHRASE
como se cura el talon de aquiles,PHRASE
ejercicios para dolor de talon de aquiles,PHRASE
achilles tendon lengthening recovery time,PHRASE
plantar fascia rupture boot,PHRASE
dynazty achilles heel,PHRASE
socks sleep paralysis,PHRASE
achilles transplant,PHRASE
achilles vacoped boot,PHRASE
achilles tendon flat feet,PHRASE
how do tendon tears heal,PHRASE
dame tears achilles,PHRASE
lightweight medical walking boot,PHRASE
cheilectomy boot,PHRASE
achilles isometrics,PHRASE
how can i strengthen my achilles tendon,PHRASE
signs you tore your achilles,PHRASE
ejercicios para talon de aquiles inflamado,PHRASE
achilles tendon tens unit,PHRASE
achilles tendon paralysis pressure point,PHRASE
comment soigner le talon d achille,PHRASE
achilles arrow to the ankle,PHRASE
tobillo mujer bota ortopedico,PHRASE
how to walk in a vacoped boot,PHRASE
work dem achilles,PHRASE
sprain in heels,PHRASE
reparacion de tendon de aquiles,PHRASE
supplements for achilles tendon,PHRASE
kinesio para tendao de aquiles,PHRASE
plantar fascia pop,PHRASE
limb traction,PHRASE
ortesis turbomed,PHRASE
achilles release,PHRASE
how to build my calves,PHRASE
achilles calf,PHRASE
pair ki moch kaise thik karte hain,PHRASE
fractured talus recovery,PHRASE
dolor en la parte trasera del pie arriba del talon,PHRASE
how can you tell if achilles is torn,PHRASE
avulsion of achilles tendon,PHRASE
zwag brand heal,PHRASE
foam roll achilles tendon,PHRASE
fortalecimiento tendon de aquiles,PHRASE
sever's disease braces,PHRASE
terapias para el talon de aquiles,PHRASE
how to make a tendon heal faster,PHRASE
calcaneal taping,PHRASE
how to heal severs disease quickly,PHRASE
calf achilles mobility,PHRASE
lesion de talon,PHRASE
what to do if you think you tore your achilles,PHRASE
pttd walking boot,PHRASE
calcarea spur,PHRASE
como acomodar el hueso del pie,PHRASE
ankles rolling inward,PHRASE
treatment for cuboid syndrome,PHRASE
can you sprain your heel,PHRASE
how to loosen a tight achilles tendon,PHRASE
terapia tendon de aquiles,PHRASE
strassburg splint,PHRASE
bauerfeind achillotrain review,PHRASE
que es una ferula para el pie,PHRASE
building calves,PHRASE
achilles popping,PHRASE
achilles tendon purpose,PHRASE
how long is achilles tendon recovery,PHRASE
how to heal achilles,PHRASE
how to tear your achilles tendon,PHRASE
how to tell if your achilles tendon is ruptured,PHRASE
calf stretcher sleep,PHRASE
heel wedge for achilles,PHRASE
plaster protector leg,PHRASE
non walking boot,PHRASE
inflamacion en el tendon de aquiles,PHRASE
lesiones de tendon de aquiles,PHRASE
operacion del tendon de aquiles,PHRASE
tendon de aquiles roto,PHRASE
ejercicios para el tendon de aquiles,PHRASE
partial weight bearing with cam boot,PHRASE
band achilles,PHRASE
como quitar el dolor del empeine del pie,PHRASE
achilles pillow,PHRASE
achilles remedy,PHRASE
night splints for kids,PHRASE
vendaje para talon de aquiles,PHRASE
bone spur on achilles tendon,PHRASE
muscle tendon tear,PHRASE
comness,PHRASE
splinting a joint,PHRASE
heel offloading boot for bed,PHRASE
como aliviar el dolor del talon de aquiles,PHRASE
cam boot non weight bearing,PHRASE
vacotalus,PHRASE
oped medical,PHRASE
achilles tendon injection,PHRASE
plasma injection for achilles tendon,PHRASE
achilles prp,PHRASE
achilles rocktape,PHRASE
aircast crutches,PHRASE
la bota walker se usa para dormir,PHRASE
bota ortopedica tendon de aquiles,PHRASE
orthopedic leg boot,PHRASE
united ortho cam boot,PHRASE
achilles hill,PHRASE
achillessehne massieren,PHRASE
sleeping boots for foot drop,PHRASE
lesion del tendon de aquiles,PHRASE
dorsiflexion night sock,PHRASE
hyperice achillx,PHRASE
shoe burns,PHRASE
espolon en el tobillo,PHRASE
inflammation tendon d achille,PHRASE
how to strengthen achilles,PHRASE
splint medical,PHRASE
66fit achilles and calf stretcher,PHRASE
resting afo,PHRASE
allard ypsilon flow,PHRASE
how to stop walking on toes,PHRASE
what does a ruptured tendon feel like,PHRASE
you are my achilles heel,PHRASE
how achilles tendon ruptures,PHRASE
achilles heal time,PHRASE
rearfoot valgus,PHRASE
heel popping,PHRASE
achilles tendon pronunciation,PHRASE
how to prevent rolling ankles,PHRASE
swollen achilles tendon lump,PHRASE
ligament heal,PHRASE
how to strengthen achilles tendons,PHRASE
fracture achilles tendon,PHRASE
tear achilles tendon treatment,PHRASE
partial tear achilles tendon treatment,PHRASE
calfpro deep calf stretcher,PHRASE
how to stop walking on your toes,PHRASE
comment dormir avec une entorse,PHRASE
rocktape achilles,PHRASE
cvs night splint,PHRASE
leg braces for elderly,PHRASE
what to do for stiff ankles,PHRASE
remedio para el dolor de talones,PHRASE
tight achilles and calf,PHRASE
ferula para pie de yeso,PHRASE
tendinite piede come curarla,PHRASE
fix my feet today,PHRASE
rotura de tendon aquiles,PHRASE
achilles bc,PHRASE
ossur rebound air walker boot,PHRASE
achilles heel tear treatment,PHRASE
achilles micro tear treatment,PHRASE
tight achilles treatment,PHRASE
weak achilles tendon treatment,PHRASE
swedish afo splint,PHRASE
tobillera ferula para tobillo,PHRASE
dorsal spur treatment,PHRASE
bulge in achilles tendon,PHRASE
achilles tendon cut,PHRASE
thickening of the achilles tendon,PHRASE
akelius heel,PHRASE
tendon de pie,PHRASE
nwb boot,PHRASE
how to heal the achilles tendon,PHRASE
achilles dry needling,PHRASE
kinesiologia para tendon de aquiles,PHRASE
achilles accessories,PHRASE
scotchcast quick step splint,PHRASE
how to loosen up your achilles tendon,PHRASE
make achilles tendon stronger,PHRASE
deep calf stretcher,PHRASE
strength achilles tendon,PHRASE
night sock splint,PHRASE
bandage achilles tendon,PHRASE
painful lump on achilles tendon,PHRASE
vaco ped boot,PHRASE
dayz splint,PHRASE
rocktape achilles tendon,PHRASE
afo oe mahina hopo,PHRASE
thompson sign achilles,PHRASE
orteza stawu skokowego i stopy,PHRASE
dolor de astragalo,PHRASE
high grade tear achilles tendon,PHRASE
rotura de talon de aquiles recuperacion,PHRASE
how can i fix my achilles tendon,PHRASE
calcaneal splint,PHRASE
how to heal an achilles tendon naturally,PHRASE
como alargar el tendon de aquiles,PHRASE
aduccion de tobillo,PHRASE
what to do if achilles hurts,PHRASE
night splint nhs,PHRASE
how to know your achilles is torn,PHRASE
achilles testing reflex,PHRASE
achilles hold,PHRASE
achilles tendon crunching,PHRASE
guerir tendinite talon d achille,PHRASE
medicina para el espolon del talon,PHRASE
boot for sever's disease,PHRASE
que hacer si me duele la planta del pie,PHRASE
tore achilles,PHRASE
straps for achilles tendon,PHRASE
sam splint ankle,PHRASE
removing scar tissue from achilles tendon,PHRASE
achilles heel break,PHRASE
how to bulletproof your ankles,PHRASE
bad achilles,PHRASE
reverse sugar tong splint,PHRASE
vacopeds,PHRASE
night splint boots,PHRASE
aparato ortopedico para pies,PHRASE
night fighter splint,PHRASE
corrector nocturno genu valgo,PHRASE
ortho boot for broken toe,PHRASE
plantar flexion exercise,PHRASE
kobe acl tear,PHRASE
achilles tendon trigger points,PHRASE
achilles tendon contracture,PHRASE
how long does it take achilles tendon to heal,PHRASE
ortho splint,PHRASE
achilles tendon on ultrasound,PHRASE
aircast boot uncomfortable,PHRASE
metatarsal stress fracture cast,PHRASE
achilles tendon natural remedies,PHRASE
relative motion orthosis,PHRASE
kt achilles,PHRASE
achilles tendon heel cup,PHRASE
como se ve un esguince de tobillo,PHRASE
why does my achilles heel hurt,PHRASE
cvs ortho boot,PHRASE
painful achilles tendon and heel,PHRASE
achilles tendon rip,PHRASE
ossur achilles wedge kit,PHRASE
kd achilles,PHRASE
como bajar la inflamacion del tobillo por torcedura,PHRASE
do you sleep in a walking boot,PHRASE
night splints for high arches,PHRASE
achilles corporation,PHRASE
como quebrar el espolon,PHRASE
achilles tendon tight in the morning,PHRASE
masajes para talon de aquiles,PHRASE
scar tissue achilles tendon,PHRASE
tight achilles tendon in the morning,PHRASE
kobe torn acl,PHRASE
achilles tendon plaster,PHRASE
how long achilles tendon heal,PHRASE
ao splint,PHRASE
tearing achilles tendon recovery time,PHRASE
bauerfeind near me,PHRASE
casting ortho,PHRASE
closed toe cam walker boot,PHRASE
strapping for achilles tendon,PHRASE
lesion de talon de aquiles,PHRASE
medical boot amazon,PHRASE
achilles medical,PHRASE
esguince de empeine del pie,PHRASE
splint for achilles,PHRASE
ball on achilles tendon,PHRASE
boot for heel stress fracture,PHRASE
ultrasound for achilles,PHRASE
bob and brad achilles,PHRASE
acl or achilles worse,PHRASE
tight calves release,PHRASE
non surgical achilles tendon recovery,PHRASE
como quitar espolon calcaneo talon,PHRASE
fix my achilles,PHRASE
strengthening achilles tendon,PHRASE
pttd treatment options,PHRASE
normatec elite hips,PHRASE
achilles elite package,PHRASE
padding for achilles tendon,PHRASE
how to strength achilles,PHRASE
banded supination,PHRASE
achilles tendon cramping,PHRASE
iselin disease treatment,PHRASE
achilles equipment,PHRASE
walking boots for women medical,PHRASE
ktsay,PHRASE
entorse a la cheville comment soigner,PHRASE
aircast toe,PHRASE
pair ki adi me dard ka ilaj,PHRASE
tobilleras para talon de aquiles,PHRASE
how to prevent sever's disease,PHRASE
espolon calcaneo dorsal,PHRASE
como recuperar el talon de aquiles,PHRASE
i sleep with the boot on,PHRASE
tengo el tobillo inflamado y me duele,PHRASE
stiff achilles in the morning,PHRASE
medical inflatable walking boot,PHRASE
le duele el pie,PHRASE
splint application procedure,PHRASE
how to put a splint on,PHRASE
should i ice my achilles tendon,PHRASE
achilles iso,PHRASE
very tender achilles tendon,PHRASE
dyno splint,PHRASE
muscle scraping achilles,PHRASE
soigner tendon d achille,PHRASE
how to make your achilles stronger,PHRASE
post operacion tendon de aquiles,PHRASE
achilles tendon red and painful,PHRASE
premium achilles,PHRASE
calf stretcher tool,PHRASE
achilles tendon post op recovery,PHRASE
pharmacy night splint,PHRASE
splints for legs cerebral palsy,PHRASE
kt taping for achilles tendon,PHRASE
subtar,PHRASE
como quitar dolor talon de aquiles,PHRASE
zapato para cirugia de pie,PHRASE
front achilles tendon,PHRASE
decompression of achilles tendon,PHRASE
el pie de aquiles,PHRASE
porque te duelen los talones delos pies,PHRASE
how to cure a sprain,PHRASE
quanquer night splint,PHRASE
plantillas para esguince de tobillo,PHRASE
what happens when you break your achilles tendon,PHRASE
splint leg fracture,PHRASE
how does a night splint work,PHRASE
ulnar gutter orthosis,PHRASE
como acomodar huesos del pie,PHRASE
yeso para pies,PHRASE
kobe bryant tearing his achilles,PHRASE
shin splint,PHRASE
splint,PHRASE
orthosis,PHRASE
foot night splint,PHRASE
ortez,PHRASE
aircast splint,PHRASE
braces for foot drop,PHRASE
drop foot braces,PHRASE
dolor de pies,PHRASE
achilles heel supports,PHRASE
strassburg socks,PHRASE
douleur au talon,PHRASE
airheel,PHRASE
aircast splints,PHRASE
darco night splint,PHRASE
aircast uk,PHRASE
silipos achilles,PHRASE
achilles heel pads,PHRASE
calcaneal spur treatment,PHRASE
prevalon boot,PHRASE
medi dyne prostretch,PHRASE
ossur boot,PHRASE
little finger splint,PHRASE
dorsi wedge,PHRASE
walking boot medium,PHRASE
plantar fascia night splint sock,PHRASE
djo reaction,PHRASE
how to cure foot drop,PHRASE
bauerfeind uk,PHRASE
toe splints,PHRASE
bauerfeind malleoloc,PHRASE
contracture boots,PHRASE
painful achilles tendon treatment,PHRASE
posterior night splint,PHRASE
achilles heel problems,PHRASE
orthoservice,PHRASE
ankle night splint,PHRASE
freedom dorsal pf night splint,PHRASE
heel splint,PHRASE
bursitis heel,PHRASE
boot medical,PHRASE
soft night splint,PHRASE
tenodesis splint,PHRASE
pneumatic cam walker,PHRASE
inflamed achilles,PHRASE
arch splint,PHRASE
cam walker boots,PHRASE
small walking boot,PHRASE
medical leg boot,PHRASE
caligaloc,PHRASE
toe splint straightener,PHRASE
stiff achilles tendon in the morning,PHRASE
achilles cushion,PHRASE
posterior tibial tendon tear,PHRASE
achilles calf stretcher,PHRASE
strained achilles tendon,PHRASE
achimed,PHRASE
calcaneus,PHRASE
tubular leg bandage,PHRASE
twisted toe,PHRASE
heel injection,PHRASE
medical walking boot,PHRASE
resting night splint,PHRASE
fasciitis splint,PHRASE
evolution achilles heel,PHRASE
estabilizador de tobillo,PHRASE
tibial tendon dysfunction,PHRASE
bledsoe achilles boot,PHRASE
kinetec,PHRASE
leg splint,PHRASE
top shelf orthopedic boot,PHRASE
sports braces,PHRASE
ortopedic,PHRASE
attelle cheville,PHRASE
achilles specialist near me,PHRASE
foot splint,PHRASE
strassburg sock where to buy,PHRASE
tendo achilles,PHRASE
broken toe boot,PHRASE
calcaneal apophysitis treatment,PHRASE
dictus,PHRASE
strassburg night sock,PHRASE
sporlastic achillo hit,PHRASE
aircast stirrup,PHRASE
football boot stretcher,PHRASE
sole supports,PHRASE
air stirrup,PHRASE
achilles insole,PHRASE
fisioterapia para los pies,PHRASE
tightness in achilles tendon,PHRASE
treatment for sore achilles,PHRASE
achilles specialist,PHRASE
achillestear,PHRASE
orteza na kostke,PHRASE
achilles fasciitis treatment,PHRASE
what helps bone spurs,PHRASE
forefoot varus,PHRASE
orteza de noapte,PHRASE
offloading walking boot,PHRASE
botas ortopedicas para adultos,PHRASE
healing tendons,PHRASE
ruptured tendon,PHRASE
achilles tendon popping,PHRASE
distal fibula fracture splint,PHRASE
sager splint,PHRASE
orthopedic braces near me,PHRASE
torn tendon,PHRASE
strassburg sock regular,PHRASE
splint for feet,PHRASE
medi dyne,PHRASE
achilles tendon relief,PHRASE
powerstep night splint,PHRASE
what to do for a sore achilles tendon,PHRASE
airselect standard,PHRASE
porque duele el talon del pie,PHRASE
l nard splint,PHRASE
tendine di achille,PHRASE
ortesis tobillo pie,PHRASE
fractured heel recovery,PHRASE
rehabilitacion tendon de aquiles,PHRASE
achilles tendon sprain recovery,PHRASE
feet braces,PHRASE
allard usa,PHRASE
night splint sock,PHRASE
stress fracture walking boot,PHRASE
achilles review,PHRASE
torn peroneus longus tendon,PHRASE
walking boot aircast,PHRASE
night resting splint,PHRASE
how to heal tendinosis,PHRASE
achilles partial rupture,PHRASE
how to treat achilles tendon,PHRASE
achilles tendon relief products,PHRASE
how to apply a splint,PHRASE
fibula splint,PHRASE
achilles tendon cramps night,PHRASE
quitar dolor tendon de aquiles,PHRASE
how to get strong achilles,PHRASE
ovation hybrid night splint instructions,PHRASE
achilles tendon jujutsu,PHRASE
dolor del tendon de aquiles tratamiento,PHRASE
kinesiotape tendon aquiles,PHRASE
vacoped flat sole,PHRASE
tight calves fix,PHRASE
how do you know if you tore achilles tendon,PHRASE
como enderezar un tobillo doblado,PHRASE
acl and achilles the same,PHRASE
what to do for swollen achilles tendon,PHRASE
how bad does tearing your achilles hurt,PHRASE
how to avoid tearing your achilles tendon,PHRASE
achilles protector,PHRASE
how to walk in aircast boot,PHRASE
como curar una torcedura de tobillo,PHRASE
achilles tender,PHRASE
hinchazon tendon de aquiles,PHRASE
dorsi flex boot,PHRASE
achilles tendon bulge,PHRASE
achilles protocol non surgical,PHRASE
orthese stabilisatrice de cheville,PHRASE
pemf achilles tendon,PHRASE
bumpy achilles tendon,PHRASE
porque me duele el pie en la parte de arriba,PHRASE
mco cedera engkel,PHRASE
insertion achilles,PHRASE
porque me duelen tanto los talones,PHRASE
luxacion de tobillo grado 3,PHRASE
achilles tendon knockout,PHRASE
achilles tendon loading progressions,PHRASE
nba achilles tears,PHRASE
if my achilles hurts what should i do,PHRASE
regeneten achilles,PHRASE
lisfranc recovery stories,PHRASE
heel at night,PHRASE
lower leg splints,PHRASE
achilles tendon full rupture,PHRASE
como sobar un tobillo torcido uno mismo,PHRASE
porque me duele el tobillo,PHRASE
problemas con el talon de aquiles,PHRASE
soigner inflammation tendon d achille,PHRASE
achilles recovery basketball,PHRASE
tendons not healing,PHRASE
how to get your calf muscles bigger at home,PHRASE
home treatment achilles tendon problems,PHRASE
achilles tendon lump treatment,PHRASE
kendrick splint application,PHRASE
enovis aircast,PHRASE
lisfranc boot,PHRASE
bob and brad achilles bursitis,PHRASE
tear drop splint,PHRASE
open toe medical boot,PHRASE
torn his achilles,PHRASE
how to stop your achilles heel from hurting,PHRASE
what does it mean if your achilles hurts,PHRASE
mdub cypher,PHRASE
orthoprax air walker pro,PHRASE
how to workout calves at home,PHRASE
surround gel,PHRASE
bulletproof achilles,PHRASE
what to do when you hurt your achilles tendon,PHRASE
cerebral palsy afos,PHRASE
achilles physique,PHRASE
why does my achilles pop,PHRASE
walking boot for sleeping,PHRASE
como estirar tendon de aquiles,PHRASE
nightingale deep tendon reflexes,PHRASE
how do i know if i ruptured my achilles,PHRASE
long posterior splint,PHRASE
how long does it take achilles to heal,PHRASE
comment renforcer son tendon d achille,PHRASE
how to tell if you tore your achilles,PHRASE
como curar tendon de aquiles inflamado,PHRASE
is my achilles about to rupture,PHRASE
how to release tibialis posterior,PHRASE
ways to prevent achilles tendon injuries,PHRASE
como curar un ligamento del tobillo,PHRASE
toques de aquiles,PHRASE
achilles tendon scraping,PHRASE
braces leg orthopedic,PHRASE
boot walker fracture,PHRASE
achilles nfl,PHRASE
achilles snap video,PHRASE
orthopedic boots medical,PHRASE
botte de marche tendon achille,PHRASE
kobe bryant tendon de aquiles,PHRASE
rotura del tendon de aquiles fisioterapia,PHRASE
ad achilles,PHRASE
casts splints and braces,PHRASE
how to tell if your achilles is injured,PHRASE
vacoped pump,PHRASE
how to know if you ruptured your achilles,PHRASE
strengthen achilles tendons,PHRASE
vacoped alternative,PHRASE
tendoes inflamados como tratar,PHRASE
how to know if u tore your achilles,PHRASE
cuales son las ferulas nocturnas,PHRASE
what to do if my achilles hurts,PHRASE
vacocast pro achilles boot,PHRASE
burning sensation achilles tendon,PHRASE
how to perform thompson test,PHRASE
gastrocnemius soleus achilles tendon,PHRASE
op achilles,PHRASE
heel chiropractic adjustment,PHRASE
dame tore his achilles,PHRASE
archilez,PHRASE
how to know if achilles is ruptured,PHRASE
achilles heel popping,PHRASE
alphabrace night splint,PHRASE
como calmar el dolor de tendon de aquiles,PHRASE
achilles sore every morning,PHRASE
como estirar tendones del pie,PHRASE
how to strengthen the achilles,PHRASE
ferula para pie esguince,PHRASE
heel knot removal,PHRASE
esguince en el empeine del pie tratamiento,PHRASE
aircast wedges,PHRASE
supports for achilles tendons,PHRASE
timeline for achilles tendon recovery,PHRASE
banda elastica para el pie,PHRASE
donjoy shoe,PHRASE
recovery from achilles,PHRASE
ferula para ruptura de tendon de aquiles,PHRASE
bone spurs in achilles tendon treatment,PHRASE
sound of achilles snap,PHRASE
relajar tendon de aquiles,PHRASE
rolling out achilles tendon,PHRASE
night splint walgreens,PHRASE
achillesttd,PHRASE
posterior stirrup splint,PHRASE
achilles tendon elongation,PHRASE
tovicho,PHRASE
what does it look like when you tear your achilles,PHRASE
achilles tendon wound,PHRASE
achilles heel tendon treatment,PHRASE
dr martin o malley achilles,PHRASE
como tronar mi tobillo,PHRASE
strengthen your achilles,PHRASE
achilles breaks,PHRASE
achilles tendon tender,PHRASE
your achilles heel,PHRASE
achilles tendon remedies,PHRASE
broken ankle splint,PHRASE
cuanto vale una bota ortopedica,PHRASE
my achilles tendon hurts all the time,PHRASE
como curar esguince de tobillo,PHRASE
podis boot,PHRASE
gel splint,PHRASE
how to strengthen your ankles,PHRASE
tear in achilles tendon recovery,PHRASE
braces for heel spurs,PHRASE
freedomleg,PHRASE
dolor en el tendon de aquiles,PHRASE
braces feet,PHRASE
lower leg splint,PHRASE
walking with leg braces,PHRASE
a walking boot,PHRASE
ankle sprain boot,PHRASE
boot for broken metatarsal,PHRASE
boot for stress fracture,PHRASE
achilles tendon cast or boot,PHRASE
plantar fascia rupture,PHRASE
achilles heel tear,PHRASE
tibialis posterior,PHRASE
achillo train,PHRASE
how to heal tendons,PHRASE
aircast cam walker boot,PHRASE
treatment achilles bursitis,PHRASE
toe walking braces,PHRASE
how to break your leg at home,PHRASE
achilles tendon treatment at home,PHRASE
ortopedia para pies,PHRASE
orthotech vario stabil,PHRASE
orthse,PHRASE
walker boot orthopedic,PHRASE
achilles treatment options,PHRASE
shoe splint,PHRASE
what's good for tendonitis,PHRASE
que es el espolon en el talon,PHRASE
dorsiflexion boot,PHRASE
icing achilles,PHRASE
building calf muscles,PHRASE
calf strengthening,PHRASE
strengthen calf muscles,PHRASE
stabilityace night sock,PHRASE
ferulas de tobillo,PHRASE
posterior tibial tendon strain,PHRASE
peroneus brevis rupture,PHRASE
posterior tibial tendinosis,PHRASE
entorse bequille,PHRASE
waterproof medical boot,PHRASE
simmonds test,PHRASE
splint socks,PHRASE
matles test,PHRASE
achilles heel swollen,PHRASE
achilles swollen and painful,PHRASE
tall cam boot,PHRASE
moleskin adhesive,PHRASE
achillessehne schuh,PHRASE
rehabilitacion cirugia tendon de aquiles,PHRASE
where can i buy a night splint,PHRASE
splints for ankles,PHRASE
achilles tendon healing,PHRASE
boot immobilizer,PHRASE
remedios para el talon de aquiles,PHRASE
ligamento peroneo calcaneo,PHRASE
ferula para tobillo,PHRASE
how do tendons heal,PHRASE
thuasne silistab,PHRASE
how to heal achilles tendon fast,PHRASE
micro tears achilles tendon treatment,PHRASE
ossur splint,PHRASE
heel spur achilles tendon,PHRASE
achilles tendon attachment to heel,PHRASE
achilles exercise,PHRASE
tendon de aquiles inflamado,PHRASE
achilles tendon diagram,PHRASE
achilles weakness,PHRASE
fisioterapia para fractura de tobillo,PHRASE
torn tendon on top of foot,PHRASE
achilles protocol,PHRASE
vive hard night splint,PHRASE
how to heal torn tendon in foot,PHRASE
heal splints,PHRASE
ruptured plantaris tendon,PHRASE
como desinflamar un tendon,PHRASE
dr achilles,PHRASE
boot for achilles,PHRASE
achilles heel wedge,PHRASE
achilles complete tear,PHRASE
night splint for plantar,PHRASE
heal achilles tendon,PHRASE
soporte de tobillo,PHRASE
prp for achilles,PHRASE
painful achilles tendons,PHRASE
sever's disease boot,PHRASE
achilles small tear,PHRASE
how to heal achilles bursitis,PHRASE
aircast soft strike boot,PHRASE
achilles bursa,PHRASE
achilles heel recovery,PHRASE
pttd taping,PHRASE
achilles tendon hurts when walking,PHRASE
how to heal my achilles tendon,PHRASE
homemade splint,PHRASE
strained achilles tendon recovery,PHRASE
achilles straps,PHRASE
chevilles,PHRASE
bfst devices,PHRASE
oped boot,PHRASE
weighted tendon boots,PHRASE
dor nos pes ao levantar e andar,PHRASE
soporte para talon,PHRASE
achilles healing,PHRASE
achilles tendon infection,PHRASE
night splint uk,PHRASE
rear leg splint,PHRASE
achilles 15,PHRASE
achilles 22,PHRASE
bent knee splint,PHRASE
esguince de tobillo grado 3 tratamiento,PHRASE
snapped achilles,PHRASE
tearing your achilles,PHRASE
full leg casts,PHRASE
acellus tendon,PHRASE
achillies tendonosis,PHRASE
what to do if achilles tendon pops,PHRASE
achilles sprain recovery,PHRASE
how to heal bursitis in heel,PHRASE
swollen achilles heel treatment,PHRASE
posterior long leg splint with stirrup,PHRASE
repaired achilles tendon,PHRASE
procare maxtrax,PHRASE
achilles tendon dtr,PHRASE
lesao tendao de aquiles,PHRASE
jones splint ankle,PHRASE
improvised leg splint,PHRASE
top of my heel hurts,PHRASE
mods boot jamp,PHRASE
does it hurt to tear your achilles,PHRASE
porque me duele tanto el tobillo,PHRASE
tendon pop,PHRASE
strictly stability achilles,PHRASE
how does night splint work,PHRASE
achilles tendon partial tear recovery,PHRASE
night afo,PHRASE
como curar el dolor de espolon,PHRASE
alternative to walking boot,PHRASE
o calcanhar de aquiles,PHRASE
air splint for leg,PHRASE
legboot,PHRASE
como desinflamar tendones del pie,PHRASE
achillo force air,PHRASE
number 0 achilles,PHRASE
talus fracture walking boot,PHRASE
traction splint sager,PHRASE
tendon lengthening recovery,PHRASE
night splint for kids,PHRASE
achilles tendon pressure point,PHRASE
como curar tendao de aquiles inflamado,PHRASE
how long should you rest a strained achilles,PHRASE
how to elevate achilles tendon,PHRASE
achilles wedge insole for boot walker,PHRASE
aaron rodgers achilles slow motion,PHRASE
how to keep ankles from rolling,PHRASE
sore achilles tendon after sleeping reddit,PHRASE
shredded tendon,PHRASE
sprained achilles tendon recovery time,PHRASE
rotura tendon de aquiles ruido,PHRASE
achilles speedbridge recovery time,PHRASE
gua sha achilles tendon,PHRASE
splinting casting,PHRASE
achelise,PHRASE
me duele mucho la pantorrilla izquierda,PHRASE
sky talus 6900,PHRASE
how to put on splint,PHRASE
como sobar un tendon del pie,PHRASE
how to test your achilles tendon,PHRASE
achilles bump treatment,PHRASE
strapping for achilles,PHRASE
living with pttd,PHRASE
tore my achilles,PHRASE
achilles tendon insertion point,PHRASE
treating haglund's deformity,PHRASE
tendon rupture achilles,PHRASE
achilles tendon tiger woods,PHRASE
how do you know if achilles is torn,PHRASE
how to increase achilles tendon flexibility,PHRASE
how to prevent tearing achilles tendon,PHRASE
torn calf muscle or achilles tendon,PHRASE
tightness around achilles tendon,PHRASE
reposisi tendon selangkangan,PHRASE
cascade night splints,PHRASE
rehabilitacion fractura de calcaneo,PHRASE
grow your calves workout,PHRASE
squat university achilles tendon,PHRASE
how long it takes for achilles tendon to heal,PHRASE
kinesio taping for achilles,PHRASE
taping up achilles tendon,PHRASE
ejercicios para el dolor del tendon de aquiles,PHRASE
torn muscle in heel of foot,PHRASE
how to rest your achilles tendon,PHRASE
why won t my achilles tendon heal,PHRASE
rotura de tendon de aquiles tratamiento,PHRASE
achilles tendon lock,PHRASE
vacoped boot uk,PHRASE
treatment for inflamed achilles,PHRASE
how to get rid of achilles bursitis,PHRASE
lesiones talon de aquiles,PHRASE
where does it hurt if you tear your achilles tendon,PHRASE
how to get bigger achilles tendon,PHRASE
how to clean medical boot,PHRASE
air boot for broken fibula,PHRASE
achilles atrophy,PHRASE
how to protect achilles tendon when playing basketball,PHRASE
how to know if your achilles is torn,PHRASE
remedios para dolor de talon de aquiles,PHRASE
talus bone mobilization,PHRASE
sciatica achilles tendon,PHRASE
hephaestus shield for achilles,PHRASE
slishman traction splint gen 2,PHRASE
como curar los tendones del pie,PHRASE
coreline posterior adjustable night splint,PHRASE
off loading heel boot,PHRASE
terapia para rotura de tendon de aquiles,PHRASE
how to keep achilles tendon healthy,PHRASE
plantaris tendon achilles,PHRASE
damian lillard achilles recovery,PHRASE
what do i do if my achilles tendon hurts,PHRASE
ejercicios para enderezar los pies,PHRASE
que es bueno para quitar el dolor del talon,PHRASE
arc sign achilles,PHRASE
matles test achilles,PHRASE
my achilles com,PHRASE
achilles tendon pressure point jiu jitsu,PHRASE
kobe bryant ruptured his achilles tendon,PHRASE
se rompe el tendon de aquiles,PHRASE
achilles tendon health,PHRASE
vacoped shower cover,PHRASE
leg braces for tip toe walking,PHRASE
wear walking boot while sleeping,PHRASE
leg tendon injury recovery,PHRASE
how tendon heals,PHRASE
que hacer cuando te lastimas el tobillo,PHRASE
anti rotation boot,PHRASE
why does my achilles tendon hurt after i run,PHRASE
heating pad for feet and ankles,PHRASE
what happens when an achilles tendon ruptures,PHRASE
damaged achilles tendon treatment,PHRASE
achilles hurting,PHRASE
achilles tendon problem,PHRASE
partial weight bearing with walker,PHRASE
tratamiento para el espolon,PHRASE
walking with aircast boot,PHRASE
braces for feet,PHRASE
was achilles real,PHRASE
splint for foot,PHRASE
achilles bone spur,PHRASE
plantillas para el tendon de aquiles,PHRASE
tendon in heel,PHRASE
bottom of my heel hurts,PHRASE
walking boot orthopedic,PHRASE
walking cam boot,PHRASE
heel lift boots,PHRASE
safo orthotic,PHRASE
air cast foot,PHRASE
aircast boot sleep,PHRASE
boot for broken leg,PHRASE
rocker boot orthopedic,PHRASE
fersenkeil achillessehne,PHRASE
aircast boot nhs,PHRASE
turf toe relief,PHRASE
calf stretcher board,PHRASE
oped vacoped,PHRASE
achilles tendon test,PHRASE
strained achilles recovery time,PHRASE
ultrasound achilles tendon,PHRASE
heal splint,PHRASE
supports for achilles tendon,PHRASE
braces for ankles,PHRASE
plaster splint,PHRASE
achilles heel inserts,PHRASE
boot for leg,PHRASE
medical boot for ankle,PHRASE
shoe lift for walking boot,PHRASE
sleep splint,PHRASE
elgin arch exerciser,PHRASE
heel bursitis home treatment,PHRASE
one achilles,PHRASE
severs treatment,PHRASE
cam boot instructions,PHRASE
achilles tendon cushion,PHRASE
physiostim,PHRASE
peroneus brevis tendon tear treatment,PHRASE
dau gan got chan,PHRASE
exoform night splint,PHRASE
strapping tendon d achille,PHRASE
ortesis pie caido,PHRASE
achilles foot,PHRASE
achilles heel ache,PHRASE
achilles tendon remedy,PHRASE
short cam boot,PHRASE
plantilla ortopedica para espolon calcaneo,PHRASE
splint foot,PHRASE
achilles trainers,PHRASE
soft splints,PHRASE
footbrace,PHRASE
what to do when heel hurts,PHRASE
ferula para tendon de aquiles,PHRASE
tratamiento pie equino,PHRASE
a night splint,PHRASE
rupture partielle du tendon d achille,PHRASE
calf night splint,PHRASE
achilles bursa treatment,PHRASE
vacoped nachts,PHRASE
hindfoot varus,PHRASE
crutches leg braces,PHRASE
achilles torn,PHRASE
heel night splint,PHRASE
damaged achilles,PHRASE
how to cure achilles tendon,PHRASE
heal my achilles,PHRASE
how to treat achilles heel,PHRASE
achilles tendon strapping technique,PHRASE
dorsiflexion sock,PHRASE
posterior slab splint,PHRASE
bursitis achilles tendon,PHRASE
night splint walmart,PHRASE
muscle tendon change classic,PHRASE
how to treat sore achilles tendon,PHRASE
anklebraces,PHRASE
achilles heel cup,PHRASE
cmt afo,PHRASE
achilles tenotomy,PHRASE
achilles tendon exercise equipment,PHRASE
ortholife,PHRASE
tshellz,PHRASE
boots and bar,PHRASE
dorsiflexion splint night,PHRASE
how to deal with bursitis,PHRASE
ripped tendon in foot,PHRASE
achilles tendons treatment,PHRASE
achilles re rupture,PHRASE
anatomy of achilles tendon,PHRASE
achilles tendon surgeries,PHRASE
how to treat heel bursitis,PHRASE
tib post strengthening,PHRASE
homemade night splint,PHRASE
sever's disease treatment,PHRASE
dorsiwedge night splint,PHRASE
foam roller achilles,PHRASE
ta rupture,PHRASE
achilles street,PHRASE
broken leg rehabilitation,PHRASE
night heel splints,PHRASE
rupture of achilles tendon treatment,PHRASE
calf squeeze test,PHRASE
splint bandage,PHRASE
beurer fm 200,PHRASE
vendaje para tendon de aquiles,PHRASE
como aliviar el espolon del talon,PHRASE
achilles tendon roller,PHRASE
soporte para el pie,PHRASE
achilles tendon fracture,PHRASE
mars wellness night splint,PHRASE
tears achilles,PHRASE
como desinflamar los tendones de los pies,PHRASE
why do achilles tendons rupture,PHRASE
achilles supporter,PHRASE
what to do when achilles tendon hurts,PHRASE
achillies tendon treatment,PHRASE
achilles popping sound,PHRASE
how to walk with a boot,PHRASE
achilles tendon paralysis,PHRASE
longitudinal tear achilles tendon,PHRASE
snaddy achilles,PHRASE
achilles split,PHRASE
how do you know you tore your achilles,PHRASE
distal achilles,PHRASE
tendon braces,PHRASE
how can i help my achilles tendon heal,PHRASE
achilles mobility,PHRASE
taping up achilles,PHRASE
where is the achilles muscle,PHRASE
have i ruptured my achilles tendon,PHRASE
achilles pops,PHRASE
tratamiento tendon de aquiles dolor,PHRASE
achilles return,PHRASE
walking boot weight bearing,PHRASE
post op shoe vs walking boot,PHRASE
clubfoot boot,PHRASE
tendon de aquiles sin cirugia,PHRASE
achilles very tight,PHRASE
boots for bone spurs,PHRASE
how to put on an orthopedic boot,PHRASE
how do you heal an achilles tendon,PHRASE
assist to ambulate using transfer belt,PHRASE
do achilles tendons heal,PHRASE
pulled achilles tendon recovery time,PHRASE
slight tear in achilles tendon,PHRASE
heal my heel,PHRASE
achilles workout,PHRASE
cover for aircast boot,PHRASE
are night splints effective,PHRASE
